73.4,72.7,72.7,72.7,72.7,73.4,72.9,72.9,72.9,72.9,72.9,72.9,72.9,72.9,72.9,72.9,72.9,72.9,72.9,62.7,62.7,62.7
88.2,86,86,86,86,86.1,86,79.6,79.6,79.6,79.6,81.6,81.6,88,88,88,81.7,81.7,81.7,81.7,81.7,81.7
96.5,90.4,90.4,90.4,90.4,83,82.8,83.4,83.4,83.4,83.4,83.4,83.4,83.3,83.3,71.3,71.2,71.2,71.2,71.2,71.2,71.2
73.2,78.6,78.6,78.6,78.6,84.7,83.5,84,84,84,84,84,84,95.3,95.3,84,84,84,84,84,84,84
99.9,98.9,98.9,98.9,98.9,100,99.9,99.9,99.9,99.9,99.9,98.9,98.9,98.9,98.9,98.9,99,99,99,99,99,99
40.6,40.6,40.6,40.6,40.6,40.6,40.6,40.6,40.6,40.6,40.6,40.6,40.6,40.6,40.6,40.6,40.6,40.6,40.6,40.6,40.6,40.6
83.6,81.9,81.9,81.9,81.9,99.9,99.9,99.9,99.9,99.9,99.9,99.9,99.9,98.9,98.9,98.9,98.9,98.9,98.9,98.9,98.9,98.9
96.7,96.6,96.6,96.6,96.6,96.9,96.8,96.5,96.5,96.5,96.5,96.5,96.5,97.8,97.8,97.8,97.7,97.7,97.7,97.7,97.7,97.7
85,74,74,74,74,85.1,85,71.9,71.9,74,74,74,74,75,75,73,73,73,73,73,73,73
69.3,69.4,69.4,69.4,69.4,69.4,69.4,69.4,69.4,69.4,69.4,69.4,69.4,69.4,69.4,69.4,69.4,69.4,69.4,69.4,69.4,69.4
73,61.8,61.8,61.8,59.8,74.2,59.9,60.6,60.6,74,74,74,74,74,74,74,74,74,74,74,74,74
75.8,74.5,74.5,74.5,74.5,74.2,74.5,61.9,61.9,61.9,61.9,61.9,61.9,61.9,61.9,61.9,61.9,61.9,61.9,61.9,61.9,61.9
69.7,74.3,74.3,74.3,63.2,77.9,48.1,43.5,43.5,43.5,43.5,43.5,43.5,43.5,43.5,43.5,43.5,43.5,43.5,43.5,43.5,43.5
86.3,96.6,96.6,96.6,85.5,96.9,86.8,85.8,85.8,98.8,98.8,98.8,98.8,98.9,98.9,98.9,98.9,98.9,98.9,98.9,98.9,98.9
82.6,94.3,94.3,94.3,94.3,95.4,95.4,95.4,95.4,95.4,95.4,95.4,95.4,95.6,95.6,84.6,84.6,84.6,84.6,51.2,51.2,51.2
96.4,96.2,96.2,96.2,96.2,96.7,96.4,96.4,96.4,95.6,95.6,95.6,95.6,95.6,95.6,95.6,95.6,95.6,95.6,95.6,95.6,95.6
92.1,92.1,92.1,92.1,92.1,92.2,92.1,96.9,96.9,96.9,96.9,97.9,97.9,80.7,80.7,80.7,92,92,92,92,92,92
91.9,91.9,91.9,91.9,91.9,91.9,91.9,91.9,91.9,91.9,91.9,91.9,91.9,91.9,91.9,91.9,91.9,91.9,91.9,91.9,91.9,91.9
75,82.4,82.4,82.4,82.4,79.5,82.4,78.8,78.8,80.8,80.8,80.8,80.8,80.9,80.9,68.9,68.9,68.9,68.9,47.8,47.8,47.8
94.8,95.1,95.1,95.1,95.1,95.6,95.2,84.2,84.2,95.3,95.3,96.3,96.3,94.8,94.8,83.6,83.4,83.4,83.4,83.4,83.4,83.4
98.8,97.7,97.7,97.7,96.7,98.8,98.7,98.7,98.7,95.7,95.7,96.7,96.7,96.8,96.8,96.8,96.8,97.8,97.8,97.8,97.8,97.8
86.3,96.5,96.5,96.5,85.5,96.9,85.8,85.7,85.7,99.8,99.8,99.8,99.8,99.8,99.8,99.8,99.9,99.9,99.9,99.9,99.9,99.9
99.1,99.2,99.2,99.2,99.2,99.6,99.2,97.1,97.1,97.1,97.1,97.1,97.1,97.3,97.3,97.3,97.7,97.7,97.7,96.7,96.7,96.7
39.5,47.9,47.9,47.9,47.9,47.9,47.9,47.9,47.9,47.9,47.9,47.9,47.9,47.9,47.9,47.9,47.9,47.9,47.9,47.9,47.9,47.9
94.7,92.5,92.5,92.5,81.5,88.6,74.5,74.4,74.4,69.5,69.5,69.5,69.5,56.3,56.3,56.3,69.6,69.6,69.6,42.2,79.7,79.7
96.9,95.7,95.7,95.7,95.7,95.9,95.8,95.8,95.8,95.8,95.8,95.8,95.8,95.8,95.8,95.8,95.8,95.8,95.8,95.8,95.8,95.8
95.8,96.6,96.6,96.6,96.6,95.8,96.6,95.5,95.5,95.5,95.5,95.5,95.5,96.6,96.6,96.6,96.8,96.8,96.8,96.8,96.8,96.8
87.3,94.4,94.4,94.4,92.4,89.3,89.3,87.1,87.1,89.1,89.1,88.1,88.1,88.1,88.1,88.1,87.6,87.6,87.6,87.6,87.6,87.6
93.9,95.6,95.6,95.6,95.6,95.6,95.6,91.6,91.6,91.6,91.6,92.1,92.1,92.1,92.1,92.1,92,92,92,92,92,92
49,78.6,78.6,78.6,82.4,52.9,82.4,79.3,79.3,82.3,82.3,70.9,70.9,70.9,70.9,70.9,71.3,71.3,71.3,63.9,63.9,63.9
95.7,96.5,96.5,96.5,96.5,95.8,96.5,95.5,95.5,98.5,98.5,98.5,98.5,98.6,98.6,98.6,98.4,97.4,97.4,97.4,97.4,97.4
53.7,70,70,70,53.7,54.3,53.7,53.8,53.8,55.8,55.8,55.8,55.8,56.1,56.1,56.1,56.2,56.2,56.2,71.4,71.4,71.4
91.9,97,97,97,97,96,95,89.6,89.6,91.6,91.6,92.1,92.1,92.1,92.1,92.1,92,92,92,92,92,92
96.4,96.4,96.4,96.4,96.4,96.9,96.8,96.8,96.8,96.8,96.8,96.8,96.8,99.8,99.8,99.8,99.9,99.9,99.9,99.9,99.9,99.9
91.1,98.8,98.8,98.8,98.8,98.9,98.8,98.8,98.8,98.8,98.8,98.8,98.8,98.8,98.8,98.8,98.9,98.9,98.9,98.9,98.9,98.9
80.9,96,96,96,96,95.5,96,94.6,94.6,94.6,94.6,94.6,94.6,94.6,94.6,78.3,78.4,78.4,78.4,78.4,78.4,78.4
83.7,84.6,84.6,84.6,84.6,84.8,84.6,84.1,84.1,84.1,84.1,84.1,84.1,84,84,84,84.2,84.2,84.2,84.2,84.2,84.2
93.6,78,78,78,78,99.9,97.8,97.7,97.7,97.7,97.7,97.7,97.7,97.4,97.4,97.4,97.7,91.7,91.7,91.7,91.7,91.7
69.8,69.8,69.8,69.8,69.8,52.3,78.2,40.3,54.9,54.9,54.9,54.9,54.9,55,55,55,55.2,55.2,55.2,55.2,55.2,55.2
95.3,96.2,96.2,96.2,96.2,95.6,96.2,95.2,95.2,95.2,95.2,95.2,95.2,95.2,95.2,95.2,95.3,95.3,95.3,95.3,95.3,95.3
55.8,45.7,45.7,45.7,44.6,56.8,47,49.4,49.4,49.4,49.4,49.1,49.1,31.5,31.5,31.5,32.1,34,34,34,34,34
84.3,93.1,93.1,93.1,93.1,93.3,93.3,93.6,93.6,94.3,94.3,94.3,94.3,94.1,94.1,93.1,93.4,93.4,93.4,93.4,93.4,93.4
62.4,79.2,79.2,79.2,79.2,68,79.5,78.6,78.6,78.6,78.6,78.6,78.6,78.3,78.3,61.5,63.1,63.1,63.1,63.1,63.1,63.1
96.8,85.4,85.4,85.4,85.4,96.8,88.4,72.6,72.6,88.7,88.7,99.7,99.7,99.7,99.7,99.7,99.9,99.9,99.9,95.1,95.1,95.1
40.4,39.5,39.5,39.5,39.5,40.3,39.5,39.5,39.5,39.5,39.5,39.5,39.5,39.5,39.5,39.5,39.5,39.5,39.5,39.5,39.5,39.5
77,96.3,96.3,96.3,96.3,96.3,96.3,96.3,96.3,96.5,96.5,96.5,96.5,96.9,96.9,96.9,97.3,97.3,97.3,97.3,97.3,97.3
63.9,63.9,63.9,63.9,63.9,63.9,63.9,63.9,63.9,63.9,63.9,63.9,63.9,63.9,63.9,63.9,63.9,63.9,63.9,63.9,63.9,63.9
88.1,85.1,85.1,85.1,85.1,92.8,86.5,89.6,89.6,89.6,89.6,89.6,89.6,87.5,87.5,87.5,87.3,87.3,87.3,87.3,87.3,87.3
68.1,71.3,71.3,71.3,71.3,69.7,71.4,71.4,71.4,71.4,71.4,71.4,71.4,71.4,71.4,71.4,71.4,71.4,71.4,71.4,71.4,71.4
96.6,99.5,99.5,99.5,99.5,96.8,88.5,85.4,85.4,85.4,85.4,99.5,99.5,87.5,87.5,87.5,87.6,87.6,87.6,87.6,87.6,87.6
83.2,84.1,84.1,84.1,84.1,83.8,84.4,84.4,84.4,84.4,84.4,84.4,84.4,86.7,86.7,59.4,58.3,58.3,58.3,58.3,58.3,58.3
69.8,68.7,68.7,68.7,68.7,85.1,67.7,67.7,67.7,87.2,87.2,87.2,87.2,86.9,86.9,86.9,87.9,87.9,87.9,71.6,71.6,71.6
97,97,97,97,97,97,97,97,97,97,97,97,97,97,97,97,97,97,97,97,97,97
85.8,96.8,96.8,96.8,96.8,85.9,96.8,96.8,96.8,96.8,96.8,96.8,96.8,96.8,96.8,85.8,85.8,85.8,85.8,63.7,63.7,63.7
96.4,96.3,96.3,96.3,96.5,96.8,96.5,96.2,96.2,98.2,98.2,98.7,98.7,98.7,98.7,80.6,79.7,78.7,78.7,78.7,78.7,78.7
64.1,54.7,54.7,54.7,43.1,64.2,43.4,40.9,40.9,42,42,42,42,23.3,23.3,23.3,23.3,23.3,23.3,23.3,23.3,23.3
95.3,94.7,94.7,94.7,94.7,94.7,94.7,80,80,80,80,79.2,79.2,79.2,79.2,79.2,79.2,79.2,79.2,79.2,79.2,79.2
96.5,97.9,97.9,97.9,97.9,81.3,81.9,98,98,98,98,98.6,98.6,98.6,98.6,98.6,97.9,97.9,97.9,97.9,97.9,97.9
81,89.8,89.8,89.8,89.6,89.7,89.6,89.5,89.5,89.5,89.5,89.5,89.5,89.5,89.5,89.5,89.6,89.6,89.6,89.6,89.6,89.6
81,89.8,89.8,89.8,89.6,89.7,89.6,89.5,89.5,89.5,89.5,89.5,89.5,89.5,89.5,89.5,89.6,89.6,89.6,89.6,89.6,89.6
76.1,90.7,90.7,90.7,90.7,93,89,89.1,89.1,89.1,89.1,89.1,89.1,89.1,89.1,89.1,89.7,89.7,89.7,78,78,78
74.2,70.7,70.7,70.7,70.7,73.9,72.9,73,73,73,73,11,11,11,11,11,11,11,11,11,11,11
96,97,97,97,97,96,96,96,96,96,96,96,96,96,96,96,96,96,96,96,96,96
95.5,96.8,96.8,96.8,96.8,96.9,96.8,95.8,95.8,95.8,95.8,95.8,95.8,95.8,95.8,95.8,93.1,93.1,93.1,93.1,93.1,93.1
77.6,91.7,91.7,91.7,91.7,93.8,93.8,93.1,93.1,71.5,94.1,94.1,94.1,94.4,94.4,94.4,94.1,94.1,94.1,94.1,94.1,94.1
76.6,91.5,91.5,91.5,91.5,87.9,87.9,93.1,93.1,93.1,93.1,93.5,93.5,93.5,93.5,93.5,94.8,94.8,94.8,94.8,94.8,94.8
95.6,95.5,95.5,95.5,95.5,95.8,84.5,84.6,84.6,84.6,84.6,85.6,85.6,85.6,85.6,85.6,85.5,85.5,85.5,63.2,63.2,63.2
93.6,95.5,95.5,95.5,96.1,96.7,96.4,95.9,95.9,96.9,96.9,96.9,96.9,96.5,96.5,96.5,97.3,97.3,97.3,97.3,97.3,97.3
75.9,87.8,87.8,87.8,78,89,59.5,62.2,62.2,62.2,62.2,62.2,62.2,91,91,91,90,90,90,90,90,90
96.3,96.3,96.3,96.3,96.3,96.6,96.6,96.6,96.6,96.6,96.6,96.6,96.6,96.7,96.7,96.7,96.7,96.7,96.7,96.7,96.7,96.7
70.2,81,81,81,81,70.4,81,81.1,81.1,73,73,73,73,72.8,72.8,72.8,73,73,73,80.9,80.9,80.9
77.6,77.5,77.5,77.5,77.5,76.4,77.8,78.3,78.3,79.3,79.3,79.3,79.3,79.5,79.5,79.5,79.9,79.9,79.9,97,97,97
90.9,90.9,90.9,90.9,90.9,95.2,90.9,90.5,90.5,90.5,90.5,90.5,90.5,75,75,75,90.7,90.7,90.7,90.7,90.7,90.7
84,83.7,83.7,83.7,83.7,84.3,83.7,83.5,83.5,83.5,83.5,83.5,83.5,83.5,83.5,83.5,83.7,83.7,83.7,94.9,94.9,94.9
91.6,92.3,92.3,92.3,92.5,92.8,92.6,92.3,92.3,92.3,92.3,92.3,92.3,92.3,92.3,92.3,92.4,92.4,92.4,95.4,95.4,95.4
93.6,93.3,93.3,93.3,95.3,94.4,93.9,93.8,93.8,93.8,93.8,76.4,76.4,76.1,76.1,76.1,76.4,76.4,76.4,76.4,76.4,76.4
83.4,82.6,82.6,82.6,82.6,82.6,82.6,83.5,83.5,83.5,83.5,83.5,83.5,83.6,83.6,83.6,83.5,83.5,83.5,83.5,83.5,83.5
75.7,75.8,75.8,75.8,75.8,75.8,75.8,75.8,75.8,75.8,75.8,75.8,75.8,75.8,75.8,75.8,75.8,75.8,75.8,75.8,75.8,75.8
95.9,96.9,96.9,96.9,96.9,96,96.9,95.9,95.9,96.9,96.9,96.9,96.9,98,98,98,96.8,95.8,95.8,95.8,95.8,95.8
83.7,95.5,95.5,95.5,97.5,99.5,98,99.2,99.2,95.1,95.1,95.1,95.1,94.9,94.9,95.9,96.1,96.1,96.1,87,87,87
88.9,89.9,89.9,89.9,89.9,90,90.1,89.9,89.9,89.9,89.9,89.9,89.9,89.6,89.6,89.6,91.1,91.1,91.1,91.1,91.1,91.1
96.9,96.9,96.9,96.9,96.9,96.9,96.9,96.8,96.8,96.8,96.8,96.8,96.8,96.9,96.9,96.9,96.9,85.9,85.9,63.8,63.8,63.8
97,96.8,96.8,96.8,96.8,96.9,96.8,96.8,96.8,96.8,96.8,96.8,96.8,96.9,96.9,96.9,96.9,96.9,96.9,96.9,96.9,96.9
76.4,76.1,76.1,76.1,80.2,77.1,76.1,76.3,76.3,77.3,77.3,76.3,76.3,76.5,76.5,65.2,64.9,64.9,64.9,44.5,44.5,44.5
76.8,76.7,76.7,76.7,78.7,80.4,78.7,77.7,77.7,80.7,80.7,78.7,78.7,78.7,78.7,78.7,81.5,81.5,81.5,81.5,81.5,81.5
96.8,95.7,95.7,95.7,95.7,95.9,95.7,95.8,95.8,95.8,95.8,95.8,95.8,96.8,96.8,95.8,96.9,96.9,96.9,96.9,96.9,96.9
82.5,82.8,82.8,82.8,84.8,83.1,83.1,82.3,82.3,82.3,82.3,82.3,82.3,82.1,82.1,82.1,81.8,81.8,81.8,81.8,81.8,81.8
51,49.4,49.4,49.4,49.4,49.4,49.4,49.4,49.4,49.4,49.4,49.4,49.4,49.4,49.4,49.4,49.4,49.4,49.4,49.4,49.4,49.4
77.5,77.2,77.2,77.2,77.2,77.8,77.4,81.1,81.1,81.1,81.1,81.1,81.1,81.1,81.1,81.1,81.3,81.3,81.3,81.3,81.3,81.3
97,96.9,96.9,96.9,96.9,97,96.9,96.8,96.8,96.8,96.8,96.8,96.8,96.8,96.8,96.8,96.8,96.8,96.8,96.8,96.8,96.8
76.6,95.5,95.5,95.5,95.5,96.3,95.6,95.7,95.7,95.7,95.7,95.7,95.7,96.8,96.8,96.8,96.7,96.7,96.7,96.7,96.7,96.7
95.1,96.1,96.1,96.1,96.1,96.6,96.1,96,96,96,96,96,96,94.7,94.7,94.7,95,95,95,95,95,95
97,97,97,97,97,97,97,97,97,97,97,99,99,98.9,98.9,99.9,99.9,99.9,99.9,97.9,97.9,97.9
53.1,55,55,55,57,56.5,67.7,67.9,67.9,67.9,67.9,67.4,67.4,56.9,56.9,56.9,57.3,57.3,57.3,57.3,57.3,57.3
64.6,54.9,54.9,54.9,56.9,67.7,67.7,66.7,66.7,56.3,56.3,54.6,54.6,56.7,56.7,56.7,56.1,56.1,56.1,56.1,56.1,56.1
90,91,91,91,95.5,93.5,93.5,93.1,93.1,93.1,93.1,93.1,93.1,92.8,92.8,92.8,93.1,93.1,93.1,93.1,93.1,93.1
99,99.9,99.9,99.9,99.9,94.3,88.7,87.2,87.2,88.2,88.2,88.2,88.2,88.6,88.6,88.6,88.1,88.1,88.1,88.1,88.1,88.1
90.7,98.1,98.1,98.1,98.1,97.1,96.1,97,97,96,96,96,96,96.9,96.9,96.9,97,97,97,97,97,97
95,94.7,94.7,94.7,94.7,91.6,91.6,94.3,94.3,94.3,94.3,94.3,94.3,94.1,94.1,91,91.4,79.1,79.1,59.4,59.4,59.4
70,85,85,85,87.6,93.8,93.8,94.4,94.4,94.4,94.4,94.4,94.4,93.8,93.8,93.8,93.8,93.8,93.8,93.8,93.8,93.8
79.4,91.7,91.7,91.7,91.7,93.8,92.8,91.5,91.5,90.7,90.7,90.7,90.7,91,91,91,90.5,90.5,90.5,90.5,90.5,90.5
94.7,84,84,84,84,81.4,84.4,81.1,81.1,84.1,84.1,84.1,84.1,84.1,84.1,84.1,84,84,84,84,84,84
98.5,98.4,98.4,98.4,89.7,90.1,90,87.7,87.7,89.7,89.7,89.7,89.7,88.5,88.5,69.2,69.1,69.1,69.1,69.1,69.1,69.1
96.8,96.7,96.7,96.7,85.7,86.2,86.1,86,86,86,86,86,86,85.8,85.8,66.5,66.3,66.3,66.3,66.3,66.3,66.3
97,96.9,96.9,96.9,96.9,96.9,96.9,96.9,96.9,96.9,96.9,96.9,96.9,97,97,97,96.8,99.8,99.8,98.8,98.8,98.8
86.8,100,100,100,94.3,95.9,94.5,99.8,99.8,99.8,99.8,99.8,99.8,99.8,99.8,99.8,99.8,99.8,99.8,99.8,99.8,99.8
99,99,99,99,99,99,99,99,99,99,99,99,99,99,99,99,99,99,99,99,99,99
99.7,99.4,99.4,99.4,99.4,99.5,99.5,99.4,99.4,99.4,99.4,99.4,99.4,99.2,99.2,99.2,98.7,98.7,98.7,98.7,98.7,98.7
97,97,97,97,97,97,97,97,97,97,97,97,97,97,97,97,97,97,97,97,97,97
75.8,89.8,89.8,89.8,89.8,95.6,90.4,90.3,90.3,90.3,90.3,90.3,90.3,79.5,79.5,79.5,85.9,85.9,85.9,85.9,85.9,85.9
84.9,82.6,82.6,82.6,83.6,84,84,84.2,84.2,81.2,81.2,81.2,81.2,81.3,81.3,81.3,81.1,81.1,81.1,98.3,98.3,98.3
84.9,82.6,82.6,82.6,82.6,84,83,98.4,98.4,96.4,96.4,96.4,96.4,96.5,96.5,97.5,97.2,99.2,99.2,99.2,99.2,99.2
74.3,74,74,74,74.9,75.1,74.1,74.3,74.3,63.2,63.2,63.2,63.2,63.3,63.3,63.3,62.2,62.2,62.2,62.2,62.2,62.2
72.9,71.8,71.8,71.8,71.8,73.1,72.1,71,71,72.4,72.4,72.4,72.4,73.4,73.4,73.4,73.5,73.5,73.5,73.5,73.5,73.5
99.4,99.3,99.3,99.3,99.9,99.9,99.9,99.9,99.9,99.9,99.9,99.9,99.9,99.9,99.9,99.9,99.9,99.9,99.9,99.9,99.9,99.9
99.9,99.3,99.3,99.3,99.3,99.3,99.3,97.4,97.4,97.4,97.4,97.6,97.6,97.6,97.6,97.6,97.5,97.5,97.5,97.5,95.8,95.8
98.8,98.3,98.3,98.3,98.4,98.4,98.4,96.1,96.1,96.1,96.1,96.3,96.3,96.3,97.3,97.3,97.4,97.4,97.4,97.4,97.2,97.2
85.8,85.6,85.6,85.6,85.7,85.7,85.7,85.1,85.1,85.1,85.1,85.2,85.2,85.2,85.2,85.2,83.9,83.9,83.9,83.9,84.1,84.1
99,84.1,84.1,84.1,84.1,84.1,84.1,84.1,99,99,99,99,99,99,100,100,100,100,100,100,100,100
74.8,74.8,74.8,74.8,74.8,74.8,74.8,74.8,74.8,74.8,74.8,74.8,74.8,74.8,74.8,74.8,74.8,74.8,74.8,74.8,74.8,74.8
58.3,58.3,58.3,58.3,58.3,87.2,87.2,77.3,77.3,77.3,77.3,77.4,77.4,77.4,77.4,77.4,77.4,77.4,77.4,77.4,77.4,77.4
100,100,100,100,100,100,100,100,100,100,100,100,100,100,100,100,100,100,100,100,100,100
93.9,92.9,92.9,92.9,88.2,89.5,88.5,88.9,88.9,88.9,88.9,88.9,88.9,88.9,88.9,88.9,88.9,88.9,88.9,88.9,88.9,88.9
100,100,100,100,100,100,100,100,100,100,100,100,100,100,100,100,100,100,100,100,100,100
100,100,100,100,100,100,100,100,100,100,100,100,100,100,100,100,100,100,100,100,100,100
98.1,97.9,97.9,97.9,96.9,98.1,97.1,96,96,96,96,94.9,94.9,94.9,94.9,96.9,97.1,98.1,98.1,98.1,98.1,98.1
98.1,97.9,97.9,97.9,96.9,98.1,97.1,96.3,96.3,96.3,96.3,97.4,97.4,97.4,97.4,98.4,98.3,98.3,98.3,98.3,98.3,98.3
92.8,92.8,92.8,92.8,92.8,92.8,92.8,92.8,92.8,92.8,92.8,92.8,92.8,92.8,92.8,92.8,92.8,92.8,92.8,92.8,92.8,92.8
100,99.9,99.9,99.9,99.9,99.9,99.9,99.8,99.8,99.8,99.8,99.9,99.9,99.9,99.9,96.9,96.9,96.9,96.9,96.9,96.9,96.9
84.3,84.3,84.3,84.3,74.2,84.6,74.6,75.7,75.7,78.7,78.7,78.8,78.8,78.8,78.8,78.8,78.9,78.9,78.9,78.9,78.9,78.9
47,55.3,55.3,55.3,55.3,55.3,55.3,55.3,55.3,55.3,55.3,55.3,55.3,55.3,55.3,55.3,55.3,55.3,55.3,55.3,55.3,55.3
54.3,54.3,54.3,54.3,54.3,54.3,54.3,54.3,54.3,54.3,54.3,54.3,54.3,54.3,54.3,54.3,54.3,54.3,54.3,54.3,54.3,54.3
95.5,95.5,95.5,95.5,95.5,95.7,95.7,96,96,96,96,96.1,96.1,96.1,96.1,98.1,98.1,98.1,98.1,98.1,98.1,98.1
92.5,91.8,91.8,91.8,91.8,97.6,92.4,90.6,90.6,90.6,90.6,90.4,90.4,90.4,90.4,90.4,91.2,91.2,91.2,91.2,91.2,91.2
87,91.4,91.4,91.4,91.4,92.7,91.7,93.4,93.4,92.4,92.4,96.1,96.1,96.1,96.1,96.1,96.1,95.1,95.1,95.1,95.1,95.1
88,64.8,64.8,64.8,65.8,83.1,67.1,67.8,67.8,67.1,67.1,67.1,67.1,67.1,67.1,67.1,67.1,67.1,67.1,67.1,67.1,67.1
100,100,100,100,100,100,100,97,97,97,97,97,97,97,97,97,97,98,98,98,98,98
97,98,98,98,98,98,98,98,98,97,97,97,97,97,97,97,97,97,97,97,97,97
86.5,78.1,78.1,78.1,77,78.4,77.2,75.6,75.6,100,100,100,100,100,100,100,100,100,100,100,100,100
99.8,99.2,99.2,99.2,99.2,99.2,99.2,99.3,99.3,99.3,99.3,99.3,99.3,99.3,99.3,99.3,99.6,99.6,99.6,99.6,99.6,99.6
74.8,74.8,74.8,74.8,74.8,74.8,74.8,74.8,74.8,74.8,74.8,74.8,74.8,74.8,74.8,74.8,74.8,74.8,74.8,74.8,74.8,74.8
100,99.9,99.9,99.9,99.9,99.9,99.9,99.9,99.9,99.9,99.9,98.9,98.9,98.9,98.9,98.9,98.9,98.9,98.9,98.9,98.9,98.9
100,100,100,100,100,100,100,100,100,100,100,100,100,100,100,100,100,100,100,100,100,100
100,100,100,100,100,100,100,100,100,100,100,100,100,100,100,100,100,100,100,100,100,100
93.8,93.8,93.8,93.8,93.8,94,94,94.6,94.6,97.6,97.6,97.7,97.7,97.7,97.7,97.7,92.6,80.5,80.5,79.3,79.3,79.3
99.1,97,97,97,98,99.1,98.2,98.2,98.2,98.2,98.2,99.2,99.2,99.2,99.2,99.2,99.2,99.2,99.2,87.2,87.2,87.2
97,96.9,96.9,96.9,96.9,96.9,96.9,96.8,96.8,96.8,96.8,96.3,96.3,99.9,99.9,99.9,96.4,96.4,96.4,96.4,96.4,96.4
74.8,74.8,74.8,74.8,74.8,74.8,74.8,74.8,74.8,74.8,74.8,74.8,74.8,74.8,74.8,74.8,74.8,74.8,74.8,74.8,74.8,74.8
95.6,95.6,95.6,95.6,95.6,95.7,95.7,96.1,96.1,96.1,96.1,99.1,99.1,99.1,99.1,99.1,99.1,99.1,99.1,99.1,99.1,99.1
95.6,95.6,95.6,95.6,95.6,95.7,95.7,96.3,96.3,96.3,96.3,96.3,96.3,96.3,96.3,99.3,99.3,99.3,99.3,99.3,99.3,99.3
94.2,88.8,88.8,88.8,88.8,89,89,88.5,88.5,91.5,91.5,92.8,92.8,92.8,92.8,92.8,92.6,91.6,91.6,91.6,91.6,91.6
99.9,99.8,99.8,99.8,99.8,99.8,99.8,99.8,99.8,99.8,99.8,99.8,99.8,99.8,99.8,99.8,99.8,99.8,99.8,99.8,99.8,99.8
65.4,58.5,58.5,58.5,58.5,58.5,58.5,58.5,58.5,58.5,58.5,58.5,58.5,58.5,58.5,58.5,58.5,58.5,58.5,58.5,58.5,58.5
99,97.9,97.9,97.9,97.9,97.9,97.9,92.8,92.8,92.8,92.8,54.4,54.4,98.9,98.9,98.9,93.9,93.9,93.9,92.9,92.9,92.9
55.3,55.3,55.3,55.3,55.3,55.3,55.3,55.3,55.3,55.3,55.3,55.3,55.3,55.3,55.3,55.3,55.3,55.3,55.3,55.3,55.3,55.3
100,100,100,100,100,100,100,100,100,100,100,100,100,100,100,100,100,100,100,100,100,100
97,96.9,96.9,96.9,96.9,96.9,95.9,95.8,95.8,99.8,99.8,99.9,99.9,99.9,99.9,99.9,99.9,88.9,88.9,88.9,88.9,88.9
77.5,74.4,74.4,74.4,73.4,75.6,63.6,58.8,58.8,56.8,56.8,63,63,63,63,63,62,62,62,47.1,47.1,47.1
90.2,90.1,90.1,90.1,90.1,90.4,90.4,90.6,90.6,91.6,91.6,91.6,91.6,78.4,78.4,78.4,78.4,78.4,78.4,68.4,81.4,81.4
98.9,98.9,98.9,98.9,98.9,98.9,98.9,99,99,99,99,99,99,100,100,100,100,100,100,100,100,100
99.9,98.9,98.9,98.9,98.9,99.9,98.9,99,99,99,99,99,99,99,99,100,100,100,100,100,100,100
99.8,98.4,98.4,98.4,98.4,98.4,98.4,97.3,97.3,97.3,97.3,97.3,97.3,97.3,97.3,97.3,96.9,96.9,96.9,96.9,96.9,96.9
99.9,98.5,98.5,98.5,98.5,98.5,98.5,98.4,98.4,98.4,98.4,98.4,98.4,97.4,97.4,98.4,98.4,96.4,96.4,95.4,95.4,95.4
98.9,93.9,93.9,93.9,93.9,93.9,93.9,94.9,94.9,94.9,94.9,94.9,94.9,94.8,94.8,94.8,99.9,99.9,99.9,99.9,99.9,99.9
100,99.9,99.9,99.9,99.9,99.9,99.9,99.9,99.9,99.9,99.9,99.9,99.9,99.9,99.9,99.9,99.9,99.9,99.9,99.9,99.9,99.9
98.9,98.8,98.8,98.8,98.8,98.8,98.8,96.7,96.7,96.7,96.7,99.7,99.7,99.7,99.7,99.7,99.8,99.8,99.8,99.8,99.8,99.8
100,99.8,99.8,99.8,99.8,100,100,100,100,100,100,100,100,100,100,100,100,100,100,100,100,100
96.9,96.7,96.7,96.7,96.7,96.9,96.7,96.7,96.7,96.7,96.7,96.7,96.7,96.8,96.8,96.8,96.8,96.8,96.8,96.8,96.8,96.8
92.6,92.4,92.4,92.4,92.4,96.9,92.5,92.4,92.4,92.4,92.4,92.4,92.4,92.4,92.4,92.4,92.4,92.4,92.4,92.4,92.4,92.4
73.8,73.8,73.8,73.8,73.8,73.8,73.8,73.8,73.8,73.8,73.8,73.8,73.8,73.8,73.8,73.8,73.8,73.8,73.8,73.8,73.8,73.8
47.3,47.3,47.3,47.3,56.2,56.4,56.4,57.1,57.1,57.1,57.1,41,41,57.1,57.1,57.1,57.1,57.1,57.1,57.1,57.1,57.1
99.9,99.5,99.5,99.5,99.5,99.5,99.5,99.1,99.1,99.1,99.1,99.1,99.1,99.2,99.2,99.2,99.3,99.3,99.3,99.3,99.3,99.3
97.5,96.2,96.2,96.2,96.2,96.2,96.2,96.2,96.2,96.2,96.2,95,95,94.2,94.2,97.2,98.4,98.4,98.4,98.4,98.4,98.4
99.5,99.2,99.2,99.2,99.2,99.2,99.2,99,99,99,99,99,99,99.3,99.3,99.3,99.4,99.4,99.4,99.4,99.4,99.4
93.4,92.3,92.3,92.3,92.3,92.8,80.4,80.6,80.6,82.6,82.6,82.6,82.6,82.7,82.7,82.7,83.9,83.9,83.9,82.9,82.9,82.9
99.9,99.9,99.9,99.9,99.9,99.9,99.9,98.8,98.8,98.8,98.8,98.9,98.9,98.9,98.9,98.9,98.9,98.9,98.9,98.9,98.9,98.9
56.2,56.1,56.1,56.1,56.1,56.1,56.1,56.1,56.1,56.1,56.1,56.1,56.1,56.1,56.1,56.1,56.1,56.1,56.1,56.1,56.1,56.1
100,99.9,99.9,99.9,99.9,99.9,99.9,99.9,99.9,99.9,99.9,99.9,99.9,100,100,100,100,100,100,100,100,100
99.1,97,97,97,97,99.1,97.2,97.4,97.4,97.4,97.4,97.4,97.4,96.5,96.5,94.5,94.5,94.5,94.5,97.5,97.5,97.5
72,72,72,72,72,67.2,67.2,67.4,67.4,67.4,67.4,67.4,67.4,67.4,67.4,66.4,60.3,60.3,60.3,60.3,60.3,60.3
100,99.7,99.7,99.7,99.7,99.7,99.7,99.5,99.5,99.5,99.5,99.5,99.5,99.4,99.4,99.4,99.4,99.4,99.4,99.4,99.4,99.4
82.9,99.4,99.4,99.4,99.4,99.4,99.4,82.9,82.9,82.9,82.9,82.9,82.9,82.9,82.9,98.1,98.3,98.3,98.3,98.3,98.3,98.3
100,100,100,100,100,100,100,100,100,100,100,100,100,100,100,100,100,100,100,100,100,100
94.8,93.8,93.8,93.8,93.8,94.8,94.1,94,94,93,93,93,93,92,92,94,94.1,94.1,94.1,94.1,95.1,95.1
99,99.9,99.9,99.9,99.9,99,100,99.9,99.9,99.9,99.9,100,100,100,100,100,99.9,99.9,99.9,99.9,96.9,96.9
100,100,100,100,100,100,100,100,100,100,100,100,100,100,100,100,100,100,100,100,100,100
100,100,100,100,100,100,100,98,98,98,98,98,98,86,86,86,86,86,86,86,86,86
100,99.9,99.9,99.9,99.9,99.9,99.9,100,100,100,100,100,100,100,100,100,100,100,100,100,100,100
90.4,90.5,90.5,90.5,89.5,95.4,89.8,90.1,90.1,90.1,90.1,90.1,90.1,90.1,90.1,90.1,89.9,89.9,89.9,89.9,89.9,89.9
39.7,39.7,39.7,39.7,39.7,39.7,39.7,39.7,39.7,39.7,39.7,39.7,39.7,39.7,39.7,39.7,39.7,39.7,39.7,39.7,39.7,39.7
99.4,98,98,98,98,98.1,98.1,98,98,98,98,98,98,98,98,98,98,98,98,98,98,98
72,72,72,72,72,72,72,72,72,72,72,72,72,72,72,72,72,72,72,72,72,72
100,100,100,100,100,100,100,100,100,100,100,100,100,100,100,100,100,100,100,100,100,100
100,100,100,100,100,100,100,99.9,99.9,99.9,99.9,99.9,99.9,100,100,100,100,100,100,100,100,100
96.6,97,97,97,97,97,97,95.9,95.9,95.9,95.9,95.9,95.9,97,97,97,97,97,97,97,97,97
99.9,99.8,99.8,99.8,99.8,99.8,99.8,99.9,99.9,99.9,99.9,99.9,99.9,99.9,99.9,99.9,99.9,99.9,99.9,99.9,99.9,99.9
99.9,99.8,99.8,99.8,99.8,99.8,99.8,99.9,99.9,99.9,99.9,99.9,99.9,99.9,99.9,98.9,98.9,99.9,99.9,99.9,99.9,99.9
100,100,100,100,100,100,100,100,100,100,100,100,100,100,100,100,100,100,100,100,100,100
100,100,100,100,100,100,100,100,100,100,100,100,100,100,100,100,100,100,100,100,100,100
57.1,57.1,57.1,57.1,57.1,57.1,57.1,57.1,57.1,57.1,57.1,57.1,57.1,57.1,57.1,57.1,57.1,57.1,57.1,57.1,57.1,57.1
74.8,74.8,74.8,74.8,74.8,74.8,74.8,74.8,74.8,74.8,74.8,74.8,74.8,74.8,74.8,74.8,74.8,74.8,74.8,74.8,74.8,74.8
64.3,64.3,64.3,64.3,64.3,64.3,64.3,64.3,64.3,64.3,64.3,64.3,64.3,64.3,64.3,64.3,64.3,64.3,64.3,64.3,64.3,64.3
64.3,64.3,64.3,64.3,64.3,64.6,64.6,65.4,65.4,65.4,65.4,65.5,65.5,65.5,65.5,65.5,65.5,65.5,65.5,65.5,65.5,65.5
99.8,98.3,98.3,98.3,98.3,99.3,98.3,95.3,95.3,95.3,95.3,95.3,95.3,95.3,95.3,95.3,95.3,95.3,95.3,95.3,95.3,95.3
99.8,98.3,98.3,98.3,98.3,99.3,98.3,94.3,94.3,94.3,94.3,94.2,94.2,98.3,98.3,99.3,93.8,93.8,93.8,93.8,93.8,93.8
99.8,98.3,98.3,98.3,98.3,99.3,98.3,98.1,98.1,98.1,98.1,99.1,99.1,99.4,99.4,99.4,93.9,93.9,93.9,93.9,93.9,93.9
99.8,98.3,98.3,98.3,98.3,99.3,98.3,98.1,98.1,98.1,98.1,99.1,99.1,99.4,99.4,99.4,99.4,99.4,99.4,99.4,99.4,99.4
99.8,98.3,98.3,98.3,98.3,99.3,98.3,98.1,98.1,98.1,98.1,99.1,99.1,99.4,99.4,99.4,99.4,99.4,99.4,98.4,98.4,98.4
72,72,72,72,72,72,72,72,72,72,72,72,72,72,72,72,72,72,72,72,72,72
80.3,75.1,75.1,75.1,75.1,75.5,75.5,75.6,75.6,74.5,74.5,75.7,75.7,75.7,75.7,65.6,65.7,64.7,64.7,64.7,64.7,64.7
99.7,99.6,99.6,99.6,99.6,99.7,99.8,99.9,99.9,99.9,99.9,99.9,99.9,99.8,99.8,98.8,98.9,98.8,98.8,98.8,98.8,98.8
93,80,80,80,80,81,80,79.9,79.9,79.9,79.9,79.9,79.9,80.9,80.9,80.9,81,81,81,81,81,81
93,80,80,80,80,81,80,79.9,79.9,79.9,79.9,79.9,79.9,79.9,79.9,79.9,80,80,80,80,80,80
100,100,100,100,100,100,100,100,100,100,100,100,100,100,100,100,100,100,100,100,100,100
67.8,72.8,72.8,72.8,72.8,73,73,56,56,56,56,61.5,61.5,61.5,61.5,51.4,51.4,51.4,51.4,65.3,65.3,65.3
72,72,72,72,72,72,72,72,72,72,72,72,72,72,72,72,72,72,72,72,72,72
97,97,97,97,97,97,97,97,97,97,97,97,97,97,97,100,100,100,100,100,100,100
99.8,98.5,98.5,98.5,98.5,99.5,98.5,98.5,98.5,98.5,98.5,99.5,99.5,99.5,99.5,99.5,99.6,99.6,99.6,99.6,99.6,99.6
99.6,98.9,98.9,98.9,99.5,99.5,99.5,99.5,99.5,99.5,99.5,99.5,99.5,99.5,99.5,99.5,99.5,99.5,99.5,99.5,99.5,99.5
99.6,97.9,97.9,97.9,98.5,99.5,98.5,99.5,99.5,99.5,99.5,99.5,99.5,99.7,99.7,99.7,99.6,99.6,99.6,99.6,99.6,99.6
75.5,75.5,75.5,75.5,75.5,75.5,75.5,75.5,75.5,75.5,75.5,75.5,75.5,75.5,75.5,75.5,75.5,75.5,75.5,75.5,75.5,75.5
61.3,61.3,61.3,61.3,50.8,57.5,40,25.4,25.4,36.2,36.2,36.2,36.2,36.2,36.2,36.2,36.2,36.2,36.2,36.2,36.2,36.2
100,36.2,36.2,36.2,36.2,36.2,36.2,36.2,36.2,100,100,100,100,100,100,100,100,100,100,100,100,100
65,65,65,65,65,65.2,65.2,53.8,53.8,53.8,53.8,65.8,65.8,65.8,65.8,65.8,65.8,65.8,65.8,65.8,65.8,65.8
40,40,40,40,40,40,40,40,40,40,40,40,40,40,40,40,40,40,40,40,40,40
95,94,94,94,94,95,94,94,94,94,94,94,94,94,94,94,94,94,94,94,94,94
72,71.9,71.9,71.9,71.9,71.9,71.9,71.9,71.9,71.9,71.9,71.9,71.9,71.9,71.9,71.9,71.9,71.9,71.9,71.9,71.9,71.9
100,100,100,100,100,100,100,98,98,100,100,100,100,100,100,100,100,100,100,100,100,100
41,41,41,41,41,41,41,41,41,41,41,41,41,41,41,41,41,41,41,41,41,41
41,41,41,41,41,41,41,41,41,41,41,41,41,41,41,41,41,41,41,41,41,41
61.3,61.3,61.3,61.3,61.3,61.6,61.6,61.6,61.6,61.6,61.6,61.6,61.6,61.6,61.6,51.6,51.6,51.6,51.6,51.6,51.6,51.6
36,36,36,36,36,36,36,36,36,36,36,36,36,36,36,36,36,36,36,36,36,36
48.2,48.1,48.1,48.1,48.1,41.3,48.3,41.8,41.8,41.8,41.8,48.9,48.9,48.9,48.9,48.9,48.9,48.9,48.9,48.9,48.9,48.9
100,100,100,100,100,100,100,100,100,100,100,100,100,100,100,100,100,100,100,100,100,100
100,100,100,100,100,64.6,64.6,65,65,65,65,65,65,55,55,55,55,55,55,55,55,55
70.1,63.9,63.9,63.9,63.9,64.1,64.1,64.3,64.3,64.3,64.3,64.3,64.3,64.3,64.3,64.3,64.4,53.3,53.3,53.3,53.3,53.3
65.3,65.3,65.3,65.3,65.3,69.3,69.3,60.2,60.2,60.2,60.2,48.1,48.1,40,40,40,40,39,39,34,34,34
82.4,86.6,86.6,86.6,85.6,89.9,86.9,86.5,86.5,85.5,85.5,85.5,85.5,86.1,86.1,86.1,87.4,87.4,87.4,87.4,87.4,87.4
48.6,48.6,48.6,48.6,48.6,48.6,48.9,49.6,49.6,49.6,49.6,49.6,49.6,42.6,42.6,42.6,42.6,42.6,42.6,42.6,42.6,42.6
62.3,62.3,62.3,62.3,62.3,62.6,52.6,63,63,63,63,63,63,63,63,63,63,63,63,63,63,63
100,100,100,100,100,100,100,100,100,100,100,100,100,100,100,100,100,100,100,100,100,100
95.7,97.6,97.6,97.6,97.6,95.8,96.6,96.6,96.6,96.6,96.6,96.6,96.6,96.6,96.6,85.6,85.7,85.7,85.7,63.6,63.6,63.6
94.8,93.8,93.8,93.8,93.8,95.1,94.1,94.2,94.2,95.2,95.2,95.2,95.2,94.7,94.7,94.7,94.7,94.7,94.7,94.7,94.7,94.7
63.3,56.3,56.3,56.3,56.3,54.6,35,48.9,48.9,48.9,48.9,48.9,48.9,48.9,48.9,48.9,48.9,48.9,48.9,48.9,48.9,48.9
84.2,84.2,84.2,84.2,84.2,84.2,84.2,84.2,84.2,84.2,84.2,84.2,84.2,84.2,84.2,84.2,84.2,84.2,84.2,84.2,84.2,84.2
84.6,84.3,84.3,84.3,84.3,84.7,84.3,96.7,96.7,96.7,96.7,96.7,96.7,96.6,96.6,96.6,97.1,97.1,97.1,97.1,97.1,97.1
84.8,84.5,84.5,84.5,84.5,84.5,84.5,98.8,98.8,98.8,98.8,99,99,99,99,98,97.9,97.9,97.9,96.9,96.9,96.9
84.8,84.7,84.7,84.7,84.7,84.9,84.7,99.3,99.3,99.3,99.3,99.5,99.5,99.5,99.5,98.5,98.3,98.3,98.3,98.3,98.3,98.3
84.3,94.7,94.7,94.7,94.7,94.7,94.7,94.7,94.7,99.2,99.2,99.4,99.4,99.4,99.4,99.4,99.3,99.3,99.3,93.2,93.2,93.2
44.3,76,84.6,84.6,85.6,74,86,86,86,86,86,86,86,86,86,86,86,86,86,86,86,86
65.3,64.1,64.1,64.1,64.1,65.4,65.4,67,67,99.8,99.8,99.8,99.8,99.9,99.9,99.9,99.9,99.9,99.9,99.9,99.9,99.9
58.3,58.3,58.3,58.3,51.8,52.1,45.1,45.1,45.1,45.1,45.1,45.1,45.1,45.1,45.1,45.1,45.1,45.1,45.1,45.1,45.1,45.1
64.4,64.3,64.3,64.3,64.3,64.3,64.3,64.3,64.3,64.3,64.3,64.3,64.3,64.3,64.3,64.3,64.3,64.3,64.3,64.3,64.3,64.3
92.5,89.5,89.5,89.5,89.5,89.5,89.5,92.7,92.7,92.7,92.7,92.7,92.7,92.7,92.7,92.7,92.7,92.7,92.7,92.7,92.7,92.7
60.8,60.8,60.8,60.8,60.8,60.8,60.8,60.8,60.8,60.8,60.8,60.8,60.8,60.8,60.8,60.8,60.8,60.8,60.8,60.8,60.8,60.8
69.2,46.2,46.2,46.2,46.2,53.7,47.7,44.8,44.8,44.8,44.8,46.4,46.4,46.4,46.4,46.4,46.7,46.7,46.7,45.5,45.5,45.5
100,100,100,100,100,100,100,99.9,99.9,99.9,99.9,99.9,99.9,99.9,99.9,99.9,99.9,99.9,99.9,88.9,88.9,88.9
99.9,99.9,99.9,99.9,99.9,100,99.9,99.9,99.9,99.9,99.9,99.9,99.9,100,100,100,100,100,100,100,100,100
99.4,97.9,97.9,97.9,96.9,97.9,96.9,97.8,97.8,96.8,96.8,96.8,96.8,94.7,94.7,94.7,95.8,95.8,95.8,95.8,95.8,95.8
97.6,98.6,98.6,98.6,98.6,98.8,98.6,98.7,98.7,98.7,98.7,98.7,98.7,98.6,98.6,98.6,99.9,99.9,99.9,99.9,99.9,99.9
86.9,86.9,86.9,86.9,86.9,91.1,86.9,86.9,86.9,86.9,86.9,86.9,86.9,69.5,69.5,69.5,69.5,69.5,86.6,86.6,86.6,86.6
52.4,65,65,65,65,53.9,55,54.9,54.9,54.7,54.7,54.7,54.7,54.7,54.7,54.7,54.7,54.7,54.7,54.7,54.7,54.7
49.5,54.7,54.7,54.7,54.7,54.7,54.7,54.7,56.1,49.5,49.5,48.6,48.9,48.9,48.9,48.9,48.9,48.9,48.9,48.9,48.9,48.9
92.8,92.2,92.2,92.2,92,93.5,93.5,93.5,93.5,82.1,82.1,80,82,93.3,93.3,93.3,93.3,77.8,77.8,77.8,77.8,77.8
67,84,84,84,84,84,84,84,84,84,84,85,85,85,85,85,85,85,85,85,85,85
80.3,79.6,79.6,79.6,79.4,81.2,81.2,81.2,81.2,81,81,78.8,80.9,80.9,80.9,80.9,80.9,80.8,80.8,80.8,80.8,80.8
63.4,63.4,63.4,63.4,63.4,63.6,63.6,63.6,63.6,63.6,63.6,63.6,63.6,62.6,67.1,67.1,67.1,67.1,67.1,67.1,67.1,67.1
63.4,63.4,63.4,63.4,63.4,67.5,67.5,67.5,67.5,67.5,67.5,67.5,67.5,67.5,68.1,68.1,68.1,68.1,68.1,68.1,68.1,68.1
62.7,62.5,62.5,62.5,62.4,63.5,63.5,63.5,63.5,63.5,63.5,63.5,63.5,63.5,63.5,63.5,63.5,63.5,63.5,63.5,63.5,63.5
78.3,76.5,76.5,76.5,76.6,79.8,79.8,79.6,79.6,79.3,79.3,79.4,79.4,79.4,79.4,79.4,79.4,64.2,64.2,59.6,59.6,59.6
80.3,79.6,79.6,79.6,79.4,81.2,81.2,81.2,81.2,81,81,78.8,80.9,80.9,80.9,80.9,80.9,80.8,80.8,80.8,80.8,80.8
92.8,92.2,92.2,92.2,92,93.5,93.5,93.5,93.5,47.5,47.5,91.5,93.3,93.3,93.3,93.3,93.3,80.8,80.8,80.8,80.8,80.8
80.3,79.6,79.6,79.6,79.4,81.5,81.5,81.5,81.5,77.1,77.1,74.8,77,66.6,66.6,66.6,66.6,66.6,66.6,66.6,66.6,66.6
81.3,79.6,79.6,79.6,79.4,81.5,81.5,81.5,81.5,76.2,76.2,73.9,76.1,76.1,76.1,76.1,76.1,76.1,76.1,76.1,76.1,76.1
70,70,70,70,70,70,70,70,70,70,70,43,43,43,43,43,43,70,70,70,70,70
77.2,77.2,77.2,77.2,77.2,77.6,77.6,77.4,80.4,80.5,80.5,80.5,80.5,80.5,80.5,80.5,80.5,80.5,80.5,80.5,80.5,80.5
53.3,51.8,51.8,51.8,56.1,56.3,56.3,44,44,43.3,43.3,43.2,43.3,43.3,43.3,43.3,43.3,43.3,43.3,43.3,43.3,43.3
67.1,66.9,66.9,66.9,68.9,72.2,72.2,69.1,69.1,69,69,72.2,72.2,72.2,72.2,72.2,72.2,72.3,72.3,72.3,72.3,72.3
58.6,58.4,58.4,58.4,59.4,59.7,59.7,57.5,57.5,57.4,57.4,59.6,59.6,59.6,59.6,59.6,59.6,60.7,60.7,60.7,60.7,60.7
61.6,51.2,51.2,51.2,53.2,53.5,53.5,51.3,51.3,51.2,51.2,53.4,53.4,53.4,53.4,53.4,53.4,53.5,51.7,48.7,48.7,48.7
94.5,94.4,94.4,94.4,96.4,96.4,96.4,96.3,96.3,96.2,96.2,96.3,96.3,96.3,96.3,96.3,96.3,96.4,96.4,96.4,96.4,96.4
94.5,94.4,94.4,94.4,96.4,96.4,96.4,96.3,96.3,96.2,96.2,96.3,96.3,96.3,96.3,96.3,96.3,96.4,96.4,96.4,96.4,96.4
94.1,93.9,93.9,93.9,95.7,95.7,95.7,95.6,95.6,95.5,95.5,95.7,95.7,95.7,95.7,95.7,95.7,95.7,95.7,95.7,95.7,95.7
68.2,64.2,64.2,64.2,66,66.3,65.3,65.3,66,69,69,68.9,69.1,69.1,69.1,69.1,69.1,58.6,58.6,58.6,58.6,58.6
71.8,71.5,71.5,71.5,73.6,76.8,76.8,74.3,74.3,73.9,73.9,73.9,73.9,73.9,73.9,73.9,73.9,73.8,73.8,73.8,73.8,73.8
67.1,66.9,66.9,66.9,68.9,69.2,69.2,66.1,63.3,63.3,63.3,65.4,65.4,65.4,65.4,65.4,65.4,65.5,65.5,65.5,65.5,65.5
94.1,93.9,93.9,93.9,95.7,95.7,95.7,95.6,95.6,95.5,95.5,95.7,95.7,95.7,95.7,95.7,95.7,95.7,95.7,95.7,95.7,95.7
75.7,71.7,71.7,71.7,73.6,73.8,73.8,73.8,76.8,76.8,76.8,76.8,76.9,76.9,76.9,76.9,76.9,65.5,65.5,65.5,65.5,65.5
71,70.8,70.8,70.8,72.8,73.1,73.1,71,71,70.9,70.9,73.1,73.1,73.1,73.1,73.1,73.1,73.1,73.1,73.1,73.1,73.1
97.7,97.6,97.6,97.6,99.6,99.6,99.6,99.6,99.6,99.6,99.6,99.4,99.5,99.5,99.5,89.6,89.6,89.6,89.6,89.6,89.6,89.6
97.4,97.2,97.2,97.2,99.2,99.2,99.2,99,99,99,99,99.1,99.1,99.1,99.1,99.1,99.1,99.2,99.2,99.2,99.2,99.2
94.4,94.2,94.2,94.2,96.2,96.2,96.2,96,96,99,99,99.1,99.1,99.1,99.1,99.1,99.1,99.2,99.2,99.2,99.2,99.2
73.4,73.3,73.3,73.3,71.4,71.7,71.7,71.4,71.4,74.4,74.4,74.5,74.5,74.5,74.5,63.2,63.2,74.6,74.6,74.6,74.6,74.6
74.7,74.5,74.5,74.5,72.7,72.9,72.9,61.4,61.4,64.4,64.4,64.4,64.5,64.5,64.5,64.5,64.5,75.9,75.9,75.9,75.9,75.9
73.4,73.3,73.3,73.3,71.4,71.7,71.7,71.4,71.4,74.4,74.4,74.5,74.5,74.5,74.5,74.5,74.5,74.6,74.6,74.6,74.6,74.6
77.2,77,77,77,72.7,72.9,72.9,72.7,72.7,75.7,75.7,75.7,75.7,64.5,64.5,64.5,64.5,64.6,64.6,64.6,64.6,64.6
77.7,77.7,77.7,77.7,79.7,80.1,80.1,73.8,73.8,76.8,76.8,76.7,76.7,76.7,76.7,76.7,76.7,76.7,76.7,76.7,76.7,76.7
77.7,77.7,77.7,77.7,79.7,80.1,80.1,73.8,73.8,76.8,76.8,76.7,76.7,76.7,76.7,76.7,76.7,76.7,76.7,76.7,76.7,76.7
65.5,65.3,65.3,65.3,65.1,65,65,64.5,64.5,65.2,65.2,65.2,65.2,65.2,65.2,65.2,65.2,65.2,65.2,65.2,65.2,65.2
45,48.8,48.8,48.8,48.6,52.2,52.2,52.2,52.2,52.2,52.2,52.2,52.2,52.2,52.2,52.2,52.2,52.2,52.2,52.2,52.2,52.2
73.7,72.2,72.2,72.2,72.2,77.8,77.8,78.6,78.6,78.3,78.3,78.3,78.3,78.3,78.3,78.3,78.3,78.3,78.3,78.3,78.3,78.3
58.2,57.7,57.7,57.7,57.6,45.4,45.4,45.6,45.6,45.4,45.4,43.9,45.5,62.1,62.1,69.1,69.1,69.1,69.1,69.1,69.1,69.1
99,97.5,97.5,97.5,97.4,98.7,98.7,99.4,99.4,98.7,98.7,98.8,98.8,98.8,98.8,98.8,98.8,99.4,99.4,99.4,99.4,99.4
85.7,84.5,84.5,84.5,84.7,68.7,68.7,65.5,65.5,66.6,66.6,65.5,66.6,66.6,66.6,66.6,66.6,66.7,66.7,66.7,66.7,66.7
37.4,49.5,49.5,49.5,49.3,50.1,50.1,50.1,50.1,50.1,50.1,50.1,50.1,50.1,50.1,50.1,50.1,50.1,50.1,50.1,50.1,50.1
64.5,64.3,64.3,64.3,64,65,65,64.5,64.5,65.2,65.2,65.2,65.2,65.2,65.2,65.2,65.2,65.2,65.2,65.2,65.2,65.2
71.8,64.8,64.8,64.8,64.7,67.9,67.9,67.9,67.9,67.9,67.9,67.9,67.9,67.9,67.9,67.9,67.9,67.9,67.9,67.9,67.9,67.9
68.4,62.8,62.8,62.8,64.7,67.9,67.9,67.9,67.9,67.9,67.9,67.9,67.9,67.9,67.9,67.9,67.9,67.9,67.9,67.9,67.9,67.9
83.9,73.9,73.9,73.9,74.5,75.9,75.9,75.2,75.2,73,73,74.5,75,75,75,75,75,74.7,74.7,74.7,74.7,74.7
73.4,61.7,61.7,61.7,62,62.4,60.3,62.4,62.4,62.2,62.2,51.3,62.2,62.2,62.2,62.2,61.9,61.9,61.9,60.9,61,61
87.5,79.1,79.1,79.1,77.9,78.1,78.1,78.1,78.1,78.1,78.1,80.1,80.1,80.1,80.1,79,79,79,79,79,79,79
76.5,75.5,75.5,75.5,75.4,78.3,78.3,78.3,78.3,78,26.5,26.5,26.5,26.5,26.5,26.5,26.5,26.5,26.5,26.5,26.5,26.5
62.6,59.3,59.3,59.3,61.2,64.7,64.7,64.7,64.7,64.4,9,9,9,9,9,9,9,9,9,9,9,9
66.9,63.3,63.3,63.3,64.3,67.8,67.8,67.8,67.8,85.3,85.3,66.2,69.7,69.7,69.7,73.7,73.7,71.4,71.4,73.5,73.5,73.5
85.3,82.1,82.1,82.1,82,84.4,84.4,84.4,84.4,29.2,29.2,29.2,29.2,29.2,29.2,29.2,29.2,29.2,29.2,29.2,29.2,29.2
67.1,66,66,66,65.9,68.9,68.9,58.4,58.4,9,9,9,9,9,9,9,9,9,9,9,9,9
83.6,82.1,82.1,82.1,81.9,86.2,86.2,86.2,60.6,22,22,22,22,22,22,22,22,22,22,22,22,22
66.9,63.3,63.3,63.3,64.3,67.8,67.8,67.8,67.8,70.6,70.6,88.6,91.2,91.2,91.2,94.5,94.5,91.3,91.3,93.3,93.3,93.3
79.5,78.6,78.6,78.6,78.5,81.2,81.2,81.2,81.2,81.2,81.2,81.2,81.2,81.2,81.2,81.2,81.2,81.2,81.2,81.2,81.2,81.2
57.9,55.9,55.9,55.9,55.9,55.9,55.9,55.9,55.9,55.9,55.9,55.9,55.9,55.9,55.9,55.9,55.9,55.9,55.9,55.9,55.9,55.9
55.9,55.9,55.9,55.9,55.9,55.9,55.9,55.9,55.9,55.9,55.9,55.9,55.9,55.9,55.9,55.9,55.9,55.9,55.9,55.9,55.9,55.9
59.9,59.9,59.9,59.9,59.9,59.9,59.9,59.9,59.9,59.9,59.9,59.9,59.9,59.9,59.9,59.9,59.9,59.9,59.9,59.9,59.9,59.9
59.9,57.9,57.9,57.9,57.9,57.9,57.9,57.9,57.9,57.9,57.9,57.9,57.9,57.9,57.9,57.9,57.9,57.9,57.9,57.9,57.9,57.9
78,77.5,77.5,77.5,77.4,78.7,78.7,78.8,78.8,78.7,78.7,77.6,78.8,78.8,78.8,78.8,78.8,78.9,78.9,78.9,78.9,78.9
59,59,59,59,70,70,70,70,70,70,70,70,70,70,70,70,70,70,70,70,70,70
78,77.5,77.5,77.5,77.4,78.7,78.7,78.8,78.8,78.7,78.7,77.6,78.8,78.8,78.8,78.8,78.8,78.9,78.9,78.9,78.9,78.9
71.9,69.9,69.9,69.9,69.9,70.1,70.1,70.1,70.1,70.1,70.1,70.1,70.1,70.1,70.1,70.1,70.1,70.1,70.1,70.1,70.1,70.1
69.9,69.9,69.9,69.9,67.9,68.1,68.1,68.1,68.1,68.1,68.1,68.1,68.1,68.1,68.1,68.1,68.1,68.1,68.1,68.1,68.1,68.1
74.4,74.6,74.6,74.6,75,76.1,76.1,75.9,75.9,75.8,75.8,75.8,75.8,75.8,75.8,75.8,75.8,75.8,75.8,75.8,75.8,75.8
77.4,76.6,76.6,76.6,77,78.1,78.1,64.7,64.7,64.5,64.5,64.5,64.5,64.5,64.5,64.5,64.5,64.5,64.5,64.5,64.5,64.5
61,61.2,61.2,61.2,61.4,62.6,62.7,62.8,62.8,62.8,62.8,62.8,62.8,62.8,62.8,62.8,62.8,62.8,62.8,62.8,62.8,62.8
62.2,62.3,62.3,62.3,62.5,63.9,63.9,65.9,65.9,64,64,64,64,64,64,64,64,64,64,64,64,64
77.4,92.5,92.5,92.5,92.5,90.7,90.7,90.7,90.7,90,90,89.9,89.9,89.9,89.9,89.9,89.9,89.9,89.9,89.9,89.9,89.9
94.9,94.5,94.5,94.5,94.5,95.2,95.2,95.2,95.2,95.2,95.2,77.9,79.1,79.1,79.1,79.1,79.1,67.9,67.9,67.9,67.9,67.9
82.9,83.2,83.2,83.2,85,86.3,86.3,86.1,86.1,86.4,86.4,86.4,86.4,86.4,86.4,86.4,86.4,86.4,86.4,86.4,86.4,86.4
74.8,73.6,73.6,73.6,76.5,76.5,76.5,77.7,77.7,77,77,77,77,77,77,77,77,77,77,77,77,77
67,67,67,67,67,67,67,67,67,82,82,82,82,82,82,82,82,82,82,82,82,82
90.8,89.3,89.3,89.3,90.5,90.7,90.8,91.6,91.6,91.1,91.1,91.3,91.1,91.1,91.1,90.1,90.1,90.7,90.7,90.7,90.7,90.7
90.4,89.9,89.9,89.9,90,91.9,92,91.1,91.7,91.4,91.4,86,86.7,86.7,86.7,86.7,86.7,86.5,86.5,88.5,88.5,88.5
89.4,88.9,88.9,88.9,88.9,90.9,91,90.1,90.7,90.4,90.4,89.1,89.7,89.7,89.7,89.7,89.7,89.5,89.5,89.5,89.5,89.5
74.4,73.6,73.6,73.6,73.5,74.8,74.8,74.2,74.2,75,75,74.1,75,75,75.1,75.1,75.1,79.3,79.3,79.3,79.3,79.3
92.9,92.3,92.3,92.3,92.3,94.1,94.1,92.3,92.3,92.3,92.3,91.5,92.3,92.3,88.6,88.6,88.6,88.7,88.7,88.7,88.7,88.7
88.4,78.4,78.4,78.4,78.3,78.4,78.4,78.3,78.3,71.7,78.3,71.6,78.3,78.3,78.3,78.3,87.3,87.3,87.3,87.3,76,76
94.1,96,96,96,95.9,92.7,92.7,93,86.1,91.2,91.2,91.1,91.2,91.2,91.2,91.2,91.2,91.3,92.1,91.3,92.1,92.1
86.3,92.1,92.1,92.1,92.1,92.1,92.1,92.1,85.6,86.3,86.3,86.3,86.3,86.3,86.3,86.3,86.3,86.3,86.3,86.3,86.3,86.3
93,86.3,86.3,86.3,86.3,86.3,86.3,86.3,86.7,93,93,93,93,93,93,93,93,93,93,93,93,93
60.1,60.3,60.3,60.3,60.3,61.7,61.7,58.8,51.8,51.8,51.8,55.2,55.4,55.4,55.4,55.4,55.4,55.3,55.3,55.3,55.3,55.3
49.8,76.7,76.7,76.7,77.9,79.5,79.5,81.9,81.9,81.7,81.7,81.7,81.7,81.7,81.7,81.7,81.7,81.7,81.7,81.7,81.7,81.7
67,94.3,94.3,94.3,95.5,96.8,96.8,98.2,98.2,99,99,99,99,99,99,99,99,99,99,99,99,99
73.3,72.5,72.5,72.5,72.4,76.3,76.3,77.5,77.5,77.5,77.5,77.5,77.5,77.5,77.5,77.5,77.5,77.5,77.5,77.5,77.5,77.5
92.8,92.2,92.2,92.2,72.4,76.3,76.3,77.5,77.5,77.5,77.5,77.5,77.5,77.5,77.5,77.5,77.5,77.5,77.5,77.5,77.5,77.5
86.5,70,70,70,70,70,70,70.5,70.5,71.1,71.1,71.1,71.1,71.1,71.1,71.1,71.1,71.1,71.1,71.1,71.1,71.1
67,67,67,67,67,67,67,67.5,67.5,68.1,68.1,68.1,68.1,68.1,68.1,68.1,68.1,68.1,68.1,68.1,68.1,68.1
76.6,74.8,74.8,74.8,79.4,79.7,79.7,82.3,82.3,80.4,80.4,80.4,80.4,80.4,80.4,80.4,80.4,80.4,80.4,80.4,80.4,80.4
79.5,80.4,80.4,80.4,80.4,80.4,80.4,80.4,79.1,79.5,79.5,79.5,79.5,79.5,79.5,79.5,79.5,79.5,79.5,79.5,79.5,79.5
77.8,92.6,92.6,92.6,91.5,91.5,91.5,90.7,90.7,90.3,90.3,90.3,90.3,90.3,90.3,90.3,90.3,90.3,90.3,90.3,90.3,90.3
98.1,97.2,97.2,97.2,97.4,98.2,98.2,98.2,98.2,98.2,98.2,97.5,98.2,98.2,98.3,99.3,99.3,99.2,99.2,99.2,99.2,99.2
95.9,97.2,97.2,97.2,97.4,98.2,98.2,98.2,98.2,98.2,98.2,96.5,97.2,97.2,97.3,99.3,99.3,99.2,99.2,99.2,99.2,99.2
53.7,51.8,51.8,51.8,49,49,49,49,49,49,49,49,49,49,49,49,49,49,49,49,49,49
86.7,85.7,85.7,85.7,85.5,85.8,85.8,87.7,87.7,87.1,87.1,87.1,87.1,87.1,87.1,87.1,87.1,87.1,87.1,87.1,87.1,87.1
99,98.7,98.7,98.7,98.7,99.4,99.4,98.8,98.8,99.4,99.4,98.8,99.4,99.4,99.4,99.4,99.4,99.4,99.4,99.4,99.4,99.4
80,61,61,61,61,65.2,65.2,50,50,50,50,54,54,54,54,69,69,69,69,69,69,69
82.8,82.1,82.1,82.1,82.7,83.8,83.8,84,84,84,83.3,82.9,83,83,83,83,83,83.1,83.1,83.1,83.1,83.1
70.6,70,70,70,70,70,70,70,70,70,70,70,70,70,70,70,70,70,70,70,70,70
99.8,99.8,99.8,99.8,99.8,99.8,99.8,97.6,97.6,97.3,97.3,97.5,97.3,97.3,97.3,97.3,98.1,98.1,98.1,70.2,72.3,72.3
94.3,93.7,93.7,93.7,93.5,94.3,94.3,94.3,94.3,94.1,94.1,93.2,94.1,94.1,94.1,94.1,94.1,94.1,94.1,94.1,94.1,94.1
94.3,93.7,93.7,93.7,93.5,94.3,94.3,99.3,99.3,99.2,99.2,98.3,99.1,99.1,99.1,99.1,99.1,99.2,99.2,99.2,99.2,99.2
98.7,99.4,99.4,99.4,99.3,99.7,95.7,99.7,99.7,98.2,98.2,99.6,98.2,98.2,98.4,98.4,99.7,99.7,99.7,99.7,99.7,99.7
92.2,91.1,91.1,91.1,90.8,90.8,90.8,90.8,90.8,90.6,90.6,81,90.6,90.6,90.6,90.6,90.9,90.9,90.9,90.9,90.6,90.6
91,91.9,91.9,91.9,91.7,91.7,91.7,91.8,91.8,91.4,91.4,88.5,91.2,96.4,96.4,96.4,96.4,95.8,95.8,95.8,95.8,95.8
93,94,94,94,93.8,93.8,93.8,93.8,93.8,93.5,93.5,90.6,93.3,93.3,93.3,93.3,93.3,92.7,92.7,92.7,92.7,92.7
99.4,99.7,99.7,99.7,99.8,99.9,95.9,99.9,99.9,99.8,99.8,98.3,99.8,99.8,99.8,99.8,99.9,99.9,99.9,99.9,99.8,99.8
99.4,99.7,99.7,99.7,99.8,99.9,95.9,99.9,99.9,99.8,99.8,98.5,99.8,99.8,99.8,99.8,100,100,100,100,100,100
96.2,97,97,97,96.9,96.9,96.9,96.9,96.9,96.6,96.6,93.8,96.4,97.4,97.4,97.4,97.4,96.8,96.8,96.8,96.8,96.8
93,94,94,94,93.8,93.8,93.8,93.8,93.8,93.5,93.5,90.6,93.3,93.3,93.3,93.3,93.3,92.7,92.7,92.7,92.7,92.7
98,98,98,98,98,87,87,87,87,87,87,87,87,87,87,87,87,87,87,87,87,87
74.7,72.6,72.6,72.6,72.4,72.4,72.4,72.4,72.4,71.5,71.5,72,72.2,72.2,72.2,72.2,72.2,70,70,70,70,70
84.4,81.9,81.9,81.9,81.6,83.3,83.3,83.3,83.3,83,83,82.9,83,83,83,83,83,83,83,83,83,83
82.4,81.9,81.9,81.9,81.6,83.3,83.3,83.3,83.3,83,83,83.2,83,83,83,83,83,82.3,82.3,82.3,82.3,82.3
81,81,81,81,81,81,81,81,81,81,81,81,81,81,81,81,81,81,81,81,81,81
76.9,98.2,98.2,98.2,98.1,99.1,99.1,99.2,99.2,71.4,71.4,71.4,71.4,71.4,71.4,71.4,71.4,71.4,71.4,71.4,71.4,71.4
84.8,83,83,83,82.8,83,83,83.5,83.5,84.1,84.1,84.1,84.1,84.1,84.1,84.1,84.1,84.1,84.1,84.1,84.1,84.1
83,83.3,83.3,83.3,83.3,84.1,84.1,84,84,83.8,83.8,83.8,83.8,83.8,83.8,83.8,83.8,83.8,83.8,83.8,83.8,83.8
70.1,70.1,70.1,70.1,61.5,61.5,61.5,61.5,61.5,61.5,61.5,61.5,61.5,61.5,61.5,61.5,61.5,61.5,61.5,61.5,61.5,61.5
50.6,49.1,49.1,49.1,48.9,53.3,53.3,53.3,53.3,53.3,53.3,53.3,53.3,53.3,53.3,53.3,53.3,53.3,53.3,53.3,53.3,53.3
57.9,57.7,57.7,57.7,57.6,57.9,57.9,58,53.8,53.6,53.6,45.8,53.6,46,46,35.8,46.3,46.3,46.3,46.3,46.3,46.3
84.8,83,83,83,82.8,83,83,83.5,83.5,84.1,84.1,84.1,84.1,84.1,84.1,84.1,84.1,84.1,84.1,84.1,84.1,84.1
77.1,77.1,77.1,77.1,76.8,77,77,76.8,76.8,76.5,76.5,76.7,76.8,76.8,76.8,64.1,64.1,64.3,64.3,64.3,64.3,64.3
67,67,67,67,67,67,67,67,67,67,67,67,67,67,67,67,67,67,67,67,67,67
54,54,54,54,54,54,54,54,54,54,54,54,54,54,54,54,54,54,54,54,54,54
99,97.5,97.5,97.5,97.4,98.7,98.7,99.4,99.4,98.7,98.7,98.8,98.8,98.8,98.8,98.8,98.8,99.4,99.4,99.4,99.4,99.4
86.9,86.9,86.9,86.9,86.9,86.9,86.9,68.9,68.9,68.9,68.9,61.7,70.9,70.9,70.9,70.9,71,71,71,71,71,71
77.9,77.2,77.2,77.2,79.3,79.3,79.3,79.3,79.3,79.3,79.3,79.3,79.3,79.3,79.3,79.3,79.3,79.3,79.3,79.3,79.3,79.3
89.7,86.9,86.9,86.9,88.9,89.1,89.1,89.1,89.1,89.1,89.1,89.1,89.1,92.1,92.1,93.1,93.1,93.1,93.1,93.1,93.1,93.1
88.8,87.9,87.9,87.9,89.9,89.1,89.1,89.1,89.1,89.1,89.1,89.1,89.1,93.1,93.1,93.1,93.1,93.1,93.1,93.1,93.1,93.1
68.7,68.6,69.6,69.6,74.8,75,75.1,69.8,69.8,70.1,70.1,69.8,69.8,69.8,69.8,69.8,69.8,72.8,72.8,72.8,72.8,72.8
84.2,82.2,82.2,82.2,88.8,88.8,88.8,82,85,87.6,87.6,85.2,85.2,85.2,85.2,84.4,84.4,84.3,84.3,84.3,84.3,84.3
86.2,84.2,84.2,84.2,90.8,90.8,90.8,84,84,86.6,86.6,84.2,84.2,84.2,84.2,84.2,84.2,84,84,84,84,84
87.2,85.2,85.2,85.2,91.8,91.8,88.8,82,82,84.6,84.6,82.2,82.2,82.2,82.2,82.2,82.2,85,85,85,85,85
96.1,95.4,95.4,95.4,94.7,94.7,94.7,96.2,96.2,96.2,96.2,94.7,95.9,95.9,95.9,95.9,89,89,89,89,89,89
98.1,97.1,97.1,97.1,97.2,98.6,98.6,98.6,98.6,98.3,98.3,98.2,98.3,98.3,98.3,98.3,98.3,98.1,98.1,98.1,98.1,98.1
97,94.1,94.1,94.1,93,95,95,96.8,96.8,96.8,96.8,67.4,67.3,67.3,67.3,67.3,67.3,67.3,67.3,67.3,67.3,67.3
84.8,81.5,81.5,81.5,80.2,82.6,82.6,82.6,82.6,82.9,82.9,82.9,82.8,82.8,82.8,82.8,82.8,82.7,82.7,82.7,82.7,82.7
100,97.1,97.1,97.1,96,98,98,99.8,99.8,99.8,99.8,98.2,98.2,98.2,98.2,98.2,98.2,98.1,98.1,98.1,98.1,98.1
82.8,79,79,79,81.7,83.3,83.3,83.4,83.4,83.2,83.2,82.8,82.6,82.6,82.6,82.6,82.6,82.8,82.8,82.8,82.8,82.8
97.4,96.1,96.1,96.1,98.2,98.2,98.2,98,98,97.9,97.9,97.8,97.8,97.8,97.8,97.8,97.8,97.8,97.8,97.8,97.8,97.8
38.7,37.9,37.9,37.9,40.1,40.1,40.1,40.1,40.1,40.1,40.1,40.1,40.1,40.1,40.1,40.1,40.1,40.1,40.1,40.1,40.1,40.1
41.8,40.3,40.3,40.3,40.3,40.3,40.3,40.3,40.3,40.3,40.3,40.3,40.3,40.3,40.3,40.3,40.3,40.3,40.3,40.3,40.3,40.3
43.8,40.9,40.9,40.9,40.9,40.9,40.9,40.9,40.9,40.9,40.9,40.9,40.9,40.9,40.9,40.9,40.9,40.9,40.9,40.9,40.9,40.9
36.4,33.5,33.5,33.5,33.5,33.5,33.5,33.5,33.5,33.5,33.5,33.5,33.5,33.5,33.5,33.5,33.5,33.5,33.5,33.5,33.5,33.5
68.9,55.3,55.3,55.3,57.3,26.8,26.8,26,23.6,22.5,22.5,22.6,6.9,6.9,6.9,6.9,6.9,6.9,6.9,6.9,6.9,6.9
73.2,59.5,59.5,59.5,61.6,64.8,64.8,64.4,64.4,64.3,64.3,64.1,64.2,64.2,64.2,63.1,63.1,46.2,46.2,46.2,46.2,46.2
67.4,63.9,63.9,63.9,66,70.3,70.3,70,70,69.8,69.8,69.7,69.7,69.7,69.7,69.7,69.7,69.7,69.7,69.7,69.7,69.7
81.4,81.3,81.3,81.3,76.3,76.5,76.5,80.4,80.4,80.4,80.4,80.4,79.4,79.4,79.4,79.4,79.4,79.5,86.3,89.2,89.2,89.2
99.8,99.6,99.6,99.6,99.4,99.4,99.4,99.4,99.4,99.4,99.4,99.4,99.4,99.4,99.4,99.4,99.4,99.4,99.4,99.4,99.4,99.4
98.6,98.1,98.1,98.1,95.9,95.9,95.9,97.3,97.3,97.3,97.3,95.9,97,97,97,97,97,97,97,97,97,97
84.1,80.9,80.9,80.9,80.9,81.2,81.2,81.2,83.2,83.2,83.2,83.2,83.2,83.2,83.2,83.2,83.2,84.2,84.2,84.2,84.2,84.2
82,81.7,81.7,81.7,77.4,77.6,77.6,80.4,80.4,80.4,80.4,80.5,80.5,80.5,80.5,80.5,80.5,80.7,80.7,80.7,75.7,75.7
97.7,97.7,97.7,97.7,97.7,97.7,97.7,97.3,99.3,99.2,99.2,99.4,99.4,99.4,99.4,99.4,99.4,99.5,99.5,99.5,99.5,99.5
99.7,99.5,99.5,99.5,99.4,99.4,99.4,99.4,99.4,99.4,99.4,99.4,99.4,99.4,99.4,99.4,99.4,99.6,99.6,99.6,99.6,99.6
99.7,99.7,99.7,99.7,99.7,99.7,99.7,99.3,99.3,99.2,99.2,99.4,99.4,99.4,99.4,99.4,99.4,99.5,99.5,99.5,99.5,99.5
98.8,98.8,98.8,98.8,98.8,98.8,98.8,98.7,98.7,98.6,98.6,98.7,98.7,98.7,98.7,98.7,98.7,98.7,98.7,98.7,98.7,98.7
98.8,98.8,98.8,98.8,98.8,98.8,96.8,96.7,96.7,96.6,96.6,96.7,96.7,96.7,96.7,96.7,96.7,96.9,96.9,96.9,96.9,96.9
89.4,76.8,76.8,76.8,76.7,85.1,85.1,76.7,76.7,76.7,76.7,76.7,76.7,76.7,76.7,76.7,76.7,76.7,76.7,76.7,76.7,76.7
49.7,49.7,49.7,49.7,49.7,51.4,51.4,51.4,51.4,51.4,51.4,51.4,51.4,51.4,51.4,54.4,54.4,54.4,54.4,54.4,65.2,65.2
79.8,68.7,68.7,68.7,68.7,73.4,73.4,73.4,73.4,73.4,73.4,58.4,58.4,58.4,58.4,58.4,58.4,58.4,58.4,58.4,58.4,58.4
54.5,54.5,54.5,54.5,53.5,53.5,53.5,53.5,53.5,53.5,53.5,53.5,53.5,53.5,53.5,53.5,53.5,53.5,53.5,53.5,53.5,53.5
51,51,51,51,50,50,50,50,50,50,50,50,50,50,50,50,50,50,50,50,50,50
55.8,55.8,55.8,55.8,55.8,57.2,57.2,57.2,57.2,57.2,57.2,57.2,57.2,57.2,57.2,57.2,57.2,57.2,57.2,57.2,57.2,57.2
79.8,79.8,79.8,79.8,79.8,81.2,81.2,81.2,81.2,81.2,81.2,81.2,81.2,81.2,81.2,84.2,84.2,84.2,84.2,84.2,84.2,84.2
60.7,60.7,60.7,60.7,60.7,60.7,60.7,60.7,60.7,60.7,60.7,60.7,60.7,60.7,60.7,60.7,60.7,60.7,60.7,60.7,60.7,60.7
59.7,59.7,59.7,59.7,59.7,59.7,59.7,59.7,59.7,59.7,59.7,59.7,59.7,59.7,59.7,59.7,59.7,59.7,59.7,59.7,59.7,59.7
63.1,62.7,62.7,62.7,62.3,49.9,49.9,50.7,50.7,50.4,50.4,50.3,50.4,50.4,50.4,50.4,50.4,50.6,50.6,49.1,49.1,49.1
81.4,81.1,81.1,81.1,80.7,80.7,80.7,80.7,80.7,80.7,80.7,80.7,80.7,80.7,80.7,80.7,80.7,80.7,80.7,80.7,80.7,80.7
97,96.8,96.8,96.8,97,97.5,97.5,97.4,97.4,97.2,97.2,96.5,97.2,97.2,97.2,97.2,97.2,96.4,96.4,96.4,96.4,96.4
56,55.7,55.7,55.7,56.1,57.4,57.4,60.1,60.1,59.8,59.8,58.6,59.9,59.9,59.9,59.9,59.9,60.1,60.1,60.1,60.1,60.1
56,55.7,55.7,55.7,56.1,57.4,57.4,60.1,60.1,59.8,60.5,59.3,60.6,60.6,60.6,60.6,60.6,60.8,60.8,60.8,60.8,60.8
97,96.8,96.8,96.8,97,97.5,97.5,97.4,97.4,97.2,97.2,96.5,97.2,97.2,97.2,97.2,97.2,96.4,96.4,96.4,96.4,96.4
97,94.6,94.6,94.6,95,95,95,95,95,95,95,95,95,95,95,95,95,95,95,95,95,95
96.9,96.6,96.6,96.6,96.5,97.3,97.3,97.4,97.4,97,97,96.1,97,97,97,97,97,97.1,97.1,97.1,97.1,97.1
96.9,96.6,96.6,96.6,96.5,97.3,97.3,97.4,97.4,97,97,96.1,97,97,97,97,97,97.1,97.1,97.1,97.1,97.1
70.2,69.7,69.7,69.7,69.6,68.8,68.8,67.6,67.6,68,68,67.7,67.9,67.9,67.9,55.9,55.9,55.2,55.2,57.2,54.9,54.9
84.2,83.8,83.8,83.8,83.7,84.9,84.9,85,85,84.6,83.1,82,83.2,83.2,83.2,83.2,83.2,81.2,81.2,81.2,81.2,81.2
84.2,83.8,83.8,83.8,83.7,84.9,84.9,85,85,84.6,84.6,83.5,84.7,84.7,84.7,84.7,84.7,84.7,84.7,84.7,84.7,84.7
61,84.7,84.7,84.7,84.7,84.7,84.7,84.7,66,61,55.8,55.8,55.8,55.8,55.8,55.8,55.8,55.8,55.8,55.8,55.8,55.8
71.6,55.8,55.8,55.8,55.8,55.8,55.8,55.8,88.6,71.6,77.2,76.6,96.8,96.8,96.8,96.8,97.5,97.2,97.2,97.2,97.2,97.2
79,97.2,97.2,97.2,97.2,79,79,79,79,79,79,79,79,79,79,79,79,79,79,79,79,79
97,96.8,96.8,96.8,97,97.5,97.5,97.3,97.3,97.3,97.3,96.6,97.3,97.3,97.3,97.3,97.3,97.3,97.3,97.3,97.3,97.3
88.8,88.6,88.6,88.6,88.8,89.6,89.6,92.4,92.4,92.2,92.7,92,92.8,92.8,92.8,92.8,92.8,92.9,92.9,92.9,92.9,92.9
81.8,81.5,81.5,81.5,82.8,83.7,83.7,83.4,83.4,83.4,86.3,85.5,86.3,86.3,86.3,86.3,86.3,86.3,86.3,86.3,86.3,86.3
82.8,82.5,82.5,82.5,84.3,85.2,85.2,85,85,85,85.5,84.6,85.4,85.4,85.4,85.4,85.4,85.5,85.5,85.5,85.5,85.5
97,96.8,96.8,96.8,97,97.5,97.5,97.2,97.2,97.3,97.3,96.5,97.3,97.3,97.3,97.3,97.3,97.3,97.3,97.3,97.3,97.3
90.8,88.6,88.6,88.6,88.8,89.6,89.6,90.3,90.3,90.3,91,90.2,91,91,91,91,91,91,91,91,91,91
68.3,66.7,66.7,66.7,66.7,67,67,69.9,69.9,59.6,59.6,59.7,59.8,59.8,59.8,58.8,58.8,58.3,58.3,58.3,58.3,58.3
76.4,75.9,75.9,75.9,75.9,77.7,77.7,77.4,77.4,76.9,76.9,77.1,77.1,77.1,77.1,77.1,77.1,77.1,77.1,77.1,77.1,77.1
76.4,75.9,75.9,75.9,75.9,77.7,77.7,77.4,77.4,76.9,76.9,77.1,77.1,77.1,77.1,77.1,77.1,77.1,77.1,77.1,77.1,77.1
87.6,69.7,69.7,69.7,69.7,71.4,71.4,68.8,68.8,67.7,67.7,68.3,68.3,68.3,68.3,68.3,68.3,68.3,68.3,68.3,68.3,68.3
58.2,57.9,57.9,57.9,58.2,59.3,59.3,55,55,49.1,49.1,47.6,49.2,35.2,35.2,35.2,35.2,35.2,35.2,35.2,35.2,35.2
53.3,53,53,53,53.4,41.1,41.1,40.7,40.7,38.4,38.4,36.2,38.6,38.6,38.6,38.6,38.6,38.6,38.6,38.6,38.6,38.6
48.3,47.9,47.9,47.9,48.4,49.7,49.7,52.5,52.5,52.1,52.1,50.6,52.2,52.2,52.2,52.2,52.2,52.2,52.2,52.2,52.2,52.2
59.3,77.1,77.1,77.1,68.2,69.9,69.9,73.5,73.5,77,77,77.1,77,77,77,77,77,77,77,77,77,77
61.2,60.9,60.9,60.9,61.3,62.3,62.3,62.9,62.9,55.4,55.4,53.9,55.3,55.3,55.3,55.3,55.3,55.3,55.3,55.3,55.3,55.3
79.9,55.3,55.3,55.3,55.3,55.3,55.3,55.3,55.3,55.3,55.3,98.5,98.5,98.5,98.5,98.5,98.5,98.5,98.5,98.5,98.5,98.5
79.9,79.9,79.9,79.9,79.9,79.9,79.9,79.9,79.9,79.9,79.9,79.9,79.9,79.9,79.9,79.9,79.9,79.9,79.9,79.9,79.9,79.9
97,86.6,86.6,86.6,86.6,86.7,86.6,86.6,86.6,84.8,84.8,83.7,83.7,83.7,83.7,83.7,84.9,84.9,84.9,62.8,62.8,62.8
91.8,91.8,91.8,91.8,91.8,92.1,92,92.6,92.6,92.6,92.6,92.6,92.6,92.6,92.6,92.6,92.6,92.6,92.6,92.6,92.6,92.6
39.9,43.3,43.3,43.3,39.9,40,39.9,39.9,39.9,39.9,39.9,39.9,39.9,39.9,39.9,39.9,39.9,39.9,39.9,39.9,39.9,39.9
69,66,66,66,66,64.2,66.2,66.4,66.4,56.3,56.3,56.2,56.2,66.3,66.3,66.3,66.3,66.3,66.3,66.3,66.3,66.3
78.3,78.3,78.3,78.3,78.3,78.6,78.5,79.1,79.1,79.1,79.1,80.1,80.1,80.1,80.1,79.1,79.1,80.1,80.1,79.1,79.1,79.1
99,99,99,99,99,99,99,99,99,99,99,99,99,99,99,99,97.9,97.9,95.9,95.9,95.9,95.9
82,82,82,82,82,82,82,82,82,82,82,82,82,82,82,82,82,82,82,82,82,82
82,82,82,82,82,82,82,82,82,82,82,82,82,82,82,82,82,82,82,82,82,82
82,82,82,82,82,82,82,82,82,82,82,82,82,82,82,82,82,82,82,82,82,82
82,82,82,82,82,82,82,82,82,82,82,82,82,82,82,82,82,82,82,82,82,82
82,82,82,82,82,82,82,82,82,82,82,82,82,82,82,82,82,82,82,82,82,82
82,82,82,82,82,82,82,82,82,82,82,82,82,82,82,82,82,82,82,82,82,82
82,82,82,82,82,82,82,82,82,82,82,82,82,82,82,82,82,82,82,82,82,82
82,82,82,82,82,82,82,82,82,82,82,82,82,82,82,82,82,82,82,82,82,82
82,82,82,82,82,82,82,82,82,82,82,82,82,82,82,82,82,82,82,82,82,82
82,82,82,82,82,82,82,82,82,82,82,82,82,82,82,82,82,82,82,82,82,82
82,82,82,82,82,82,82,82,82,82,82,82,82,82,82,82,82,82,82,82,82,82
82,82,82,82,82,82,82,82,82,82,82,82,82,82,82,82,82,82,82,82,82,82
82,82,82,82,82,82,82,82,82,82,82,82,82,82,82,82,82,82,82,82,82,82
82,82,82,82,82,82,82,82,82,82,82,82,82,82,82,82,82,82,82,82,82,82
82,82,82,82,82,82,82,82,82,82,82,82,82,82,82,82,82,82,82,82,82,82
82,82,82,82,82,82,82,82,82,82,82,82,82,82,82,82,82,82,82,82,82,82
82,82,82,82,82,82,82,82,82,82,82,82,82,82,82,82,82,82,82,82,82,82
82,82,82,82,82,82,82,82,82,82,82,82,82,82,82,82,82,82,82,82,82,82
82,82,82,82,82,82,82,82,82,82,82,82,82,82,82,82,82,82,82,82,82,82
82,82,82,82,82,82,82,82,82,82,82,82,82,82,82,82,82,82,82,82,82,82
82,82,82,82,82,82,82,82,82,82,82,82,82,82,82,82,82,82,82,82,82,82
82,82,82,82,82,82,82,82,82,82,82,82,82,82,82,82,82,82,82,82,82,82
82,82,82,82,82,82,82,82,82,82,82,82,82,82,82,82,82,82,82,82,82,82
82,82,82,82,82,82,82,82,82,82,82,82,82,82,82,82,82,82,82,82,82,82
